,yearsExperience,milesFromMetropolis,salary
yearsExperience,1.0,0.0006718752899656954,0.37501340199929584
milesFromMetropolis,0.0006718752899656954,1.0,-0.2976864270495031
salary,0.37501340199929584,-0.2976864270495031,1.0
